{"count":1,"gauges":{"Brain.CumulativeReward":{"count":80,"max":81.2879257,"min":-157.249191,"value":74.3692856,"weightedAverage":68.11656}},"self":40.9043328,"total":181.08177669999998,"children":{"AgentSendState":{"count":51884,"self":3.9059724,"total":21.0708311,"children":{"CollectObservations":{"count":83073,"self":0.93978239999999991,"total":0.93978239999999991,"children":null},"AgentInfo.ToProto":{"count":83073,"self":1.3505219,"total":16.225076299999998,"children":{"GenerateSensorData":{"count":83073,"self":3.0168255999999998,"total":14.8745544,"children":{"RayPerceptionSensor.Perceive":{"count":83073,"self":11.8577288,"total":11.8577288,"children":null}}}}}}},"DecideAction":{"count":51884,"self":116.51086079999999,"total":116.5108652,"children":null},"AgentAct":{"count":51884,"self":2.5727531999999997,"total":2.5917488,"children":{"AgentInfo.ToProto":{"count":80,"self":0.0030003,"total":0.0189957,"children":{"GenerateSensorData":{"count":80,"self":0.0019984,"total":0.0159954,"children":{"RayPerceptionSensor.Perceive":{"count":80,"self":0.013996999999999999,"total":0.013996999999999999,"children":null}}}}}}}}}