{"count":1,"gauges":{"Brain.CumulativeReward":{"count":4141,"max":11.2573595,"min":-24.3025036,"value":-1,"weightedAverage":1.95858622}},"self":1336.854016,"total":2548.3851987,"children":{"AgentSendState":{"count":690201,"self":15.912428799999999,"total":44.2568633,"children":{"CollectObservations":{"count":138905,"self":11.567224,"total":11.5672243,"children":null},"AgentInfo.ToProto":{"count":138905,"self":3.0614246,"total":16.7772096,"children":{"GenerateSensorData":{"count":138905,"self":7.5760936,"total":13.715784999999999,"children":{"RayPerceptionSensor.Perceive":{"count":138905,"self":6.1396916,"total":6.1396916999999993,"children":null}}}}}}},"DecideAction":{"count":690201,"self":1153.4548992,"total":1153.454851,"children":null},"AgentAct":{"count":690201,"self":13.3226864,"total":13.323685999999999,"children":{"AgentInfo.ToProto":{"count":3,"self":0,"total":0.0009998,"children":{"GenerateSensorData":{"count":3,"self":0.0009998,"total":0.0009998,"children":{"RayPerceptionSensor.Perceive":{"count":3,"self":0,"total":0,"children":null}}}}}}},"AgentInfo.ToProto":{"count":4138,"self":0.099964199999999989,"total":0.49375329999999995,"children":{"GenerateSensorData":{"count":4138,"self":0.2138998,"total":0.3937891,"children":{"RayPerceptionSensor.Perceive":{"count":4138,"self":0.1798893,"total":0.1798893,"children":null}}}}}}}