{"count":1,"gauges":{"PenguinLearning.CumulativeReward":{"count":434,"max":14.150034,"min":-0.99994123,"value":7.670576,"weightedAverage":7.63693476}},"self":336.4182016,"total":1226.471595,"children":{"AgentSendState":{"count":159301,"self":13.288137599999999,"total":60.337104499999995,"children":{"CollectObservations":{"count":254753,"self":3.3273712,"total":3.3273713,"children":null},"AgentInfo.ToProto":{"count":254753,"self":4.6973768,"total":43.7215956,"children":{"GenerateSensorData":{"count":254753,"self":9.7709111999999987,"total":39.0242187,"children":{"RayPerceptionSensor.Perceive":{"count":254753,"self":29.2533088,"total":29.2533075,"children":null}}}}}}},"DecideAction":{"count":159301,"self":816.3042816,"total":816.3042856,"children":null},"AgentAct":{"count":159301,"self":13.3338968,"total":13.3518701,"children":{"AgentInfo.ToProto":{"count":105,"self":0.0009869,"total":0.0179731,"children":{"GenerateSensorData":{"count":105,"self":0.0029950999999999997,"total":0.0169862,"children":{"RayPerceptionSensor.Perceive":{"count":105,"self":0.0139911,"total":0.0139911,"children":null}}}}}}},"AgentInfo.ToProto":{"count":329,"self":0.0059948,"total":0.0581388,"children":{"GenerateSensorData":{"count":329,"self":0.016052999999999998,"total":0.052143999999999996,"children":{"RayPerceptionSensor.Perceive":{"count":329,"self":0.036091,"total":0.036091,"children":null}}}}}}}